one,three,MW,lambdas,sigmas,q,bondlength
R,ARG,156.19,0.723986111599139,0.656,1,0.38
D,ASP,115.09,0.0362478774303099,0.558,-1,0.38
N,ASN,114.1,0.393348030690693,0.568,0,0.38
E,GLU,129.11,0.0004249001648764,0.592,-1,0.38
K,LYS,128.17,0.149688621652935,0.636,1,0.38
H,HIS,137.14,0.39437769063641,0.608,0,0.38
Q,GLN,128.13,0.375717653393544,0.602,0,0.38
S,SER,87.08,0.430031249258029,0.518,0,0.38
C,CYS,103.14,0.604692077157832,0.548,0,0.38
G,GLY,57.05,0.757733910492006,0.45,0,0.38
T,THR,101.11,0.269133087217288,0.562,0,0.38
A,ALA,71.07,0.343475205663116,0.504,0,0.38
M,MET,131.2,0.486372111729093,0.618,0,0.38
Y,TYR,163.18,0.966054413875452,0.646,0,0.38
V,VAL,99.13,0.303837538106479,0.586,0,0.38
W,TRP,186.22,0.982261289759221,0.678,0,0.38
L,LEU,113.16,0.553899278362085,0.618,0,0.38
I,ILE,113.16,0.508406238255232,0.618,0,0.38
P,PRO,97.12,0.404546520305637,0.556,0,0.38
F,PHE,147.18,0.876618461691855,0.636,0,0.38
